{"assets/fonts/Poppins-Bold.ttf":["assets/fonts/Poppins-Bold.ttf"],"assets/fonts/Poppins-Medium.ttf":["assets/fonts/Poppins-Medium.ttf"],"assets/fonts/Poppins-Regular.ttf":["assets/fonts/Poppins-Regular.ttf"],"assets/images/Llogo_ts_red.png":["assets/images/Llogo_ts_red.png"],"assets/images/PoweredBy_Giphy_Logo.gif":["assets/images/PoweredBy_Giphy_Logo.gif"],"assets/images/account_picture_default.png":["assets/images/account_picture_default.png"],"assets/images/appicon.png":["assets/images/appicon.png"],"assets/images/appicon_ios.png":["assets/images/appicon_ios.png"],"assets/images/icon_aboutus.png":["assets/images/icon_aboutus.png"],"assets/images/icon_amal.png":["assets/images/icon_amal.png"],"assets/images/icon_berkah.png":["assets/images/icon_berkah.png"],"assets/images/icon_contactus.png":["assets/images/icon_contactus.png"],"assets/images/icon_email.png":["assets/images/icon_email.png"],"assets/images/icon_failed_verify.png":["assets/images/icon_failed_verify.png"],"assets/images/icon_hp.png":["assets/images/icon_hp.png"],"assets/images/icon_kasih.png":["assets/images/icon_kasih.png"],"assets/images/icon_notif.png":["assets/images/icon_notif.png"],"assets/images/icon_otp.png":["assets/images/icon_otp.png"],"assets/images/icon_password.png":["assets/images/icon_password.png"],"assets/images/icon_share.png":["assets/images/icon_share.png"],"assets/images/icon_sms.png":["assets/images/icon_sms.png"],"assets/images/icon_success.png":["assets/images/icon_success.png"],"assets/images/icon_success_verify.png":["assets/images/icon_success_verify.png"],"assets/images/icon_wa.png":["assets/images/icon_wa.png"],"assets/images/img_not_available.jpeg":["assets/images/img_not_available.jpeg"],"assets/images/lgicati.png":["assets/images/lgicati.png"],"assets/images/logo_bg_black.png":["assets/images/logo_bg_black.png"],"assets/images/logo_bg_black.svg":["assets/images/logo_bg_black.svg"],"assets/images/logo_icati.png":["assets/images/logo_icati.png"],"assets/images/logo_pundi_amal.png":["assets/images/logo_pundi_amal.png"],"assets/images/logo_pundi_berkah.png":["assets/images/logo_pundi_berkah.png"],"assets/images/logo_pundi_kasih.png":["assets/images/logo_pundi_kasih.png"],"assets/images/logo_ts_black.png":["assets/images/logo_ts_black.png"],"assets/images/logo_ts_black.svg":["assets/images/logo_ts_black.svg"],"assets/images/logo_ts_red.png":["assets/images/logo_ts_red.png"],"assets/images/logo_ts_red.svg":["assets/images/logo_ts_red.svg"],"assets/images/logo_ts_white.png":["assets/images/logo_ts_white.png"],"assets/images/logo_ts_white.svg":["assets/images/logo_ts_white.svg"],"assets/images/logoos.png":["assets/images/logoos.png"],"assets/images/logoos.svg":["assets/images/logoos.svg"],"assets/images/sp1.png":["assets/images/sp1.png"],"assets/images/sp2.png":["assets/images/sp2.png"],"assets/images/sp3.png":["assets/images/sp3.png"],"assets/images/splah.jpg":["assets/images/splah.jpg"],"assets/images/splash-screen-2.jpg":["assets/images/splash-screen-2.jpg"],"assets/images/splash-screen-tablet.jpg":["assets/images/splash-screen-tablet.jpg"],"assets/images/splash-screen.jpg":["assets/images/splash-screen.jpg"],"assets/images/z.png":["assets/images/z.png"],"assets/images/zz.png":["assets/images/zz.png"],"packages/cupertino_icons/assets/CupertinoIcons.ttf":["packages/cupertino_icons/assets/CupertinoIcons.ttf"],"packages/fluttertoast/assets/toastify.css":["packages/fluttertoast/assets/toastify.css"],"packages/fluttertoast/assets/toastify.js":["packages/fluttertoast/assets/toastify.js"],"packages/font_awesome_flutter/lib/fonts/fa-brands-400.ttf":["packages/font_awesome_flutter/lib/fonts/fa-brands-400.ttf"],"packages/font_awesome_flutter/lib/fonts/fa-regular-400.ttf":["packages/font_awesome_flutter/lib/fonts/fa-regular-400.ttf"],"packages/font_awesome_flutter/lib/fonts/fa-solid-900.ttf":["packages/font_awesome_flutter/lib/fonts/fa-solid-900.ttf"],"packages/giphy_picker/assets/PoweredBy_200px-Black_HorizText.png":["packages/giphy_picker/assets/PoweredBy_200px-Black_HorizText.png"],"packages/wakelock_web/assets/no_sleep.js":["packages/wakelock_web/assets/no_sleep.js"]}